MorseCancellation.linearTransverseChart	TransverseChart
MorseCancellation.linearTransverseChart_axis	TransverseChart
MorseCancellation.linearTransverseChart_axis_source	TransverseChart
MorseCancellation.transverseBlock_comp_linear	TransverseChart
MorseCancellation.det_transition_linearTransverseChart	TransverseChart
MorseCancellation.det_ne_zero_of_isInvertible	TransverseChart
MorseCancellation.exists_compatible_sheet_endpoint_orientation	TransverseChart
MorseCancellation.exists_sheet_arc_tube	SheetArc
MorseCancellation.exists_open_tube_sheet_recognition	TransverseChart
MorseCancellation.exists_clean_axis_tube_restriction	TransverseChart
MorseCancellation.exists_tube_support_box	TransverseChart
RegularHeightCoordinates.heightMap	HeightCoordinates
RegularHeightCoordinates.linear_decomposition	HeightCoordinates
RegularHeightCoordinates.triangular_bijective	HeightCoordinates
RegularHeightCoordinates.triangularEquiv	HeightCoordinates
RegularHeightCoordinates.contDiff_heightMap	HeightCoordinates
RegularHeightCoordinates.fderiv_heightMap	HeightCoordinates
RegularHeightCoordinates.heightMap_localDiffeomorph	HeightCoordinates
RegularHeightCoordinates.displacedHeight	HeightCoordinates
RegularHeightCoordinates.contDiff_displacedHeight	HeightCoordinates
RegularHeightCoordinates.scalar_derivative	HeightCoordinates
RegularHeightCoordinates.heightMap_injective_of_positive	HeightCoordinates
RegularHeightCoordinates.heightMap_surjective_of_bounded	HeightCoordinates
RegularHeightCoordinates.heightMap_surjective_of_compactSupport	HeightCoordinates
RegularHeightCoordinates.longitudinalDiffeomorph	HeightCoordinates
MorseRearrangement.IntervalTranslation	IntervalTranslation
MorseRearrangement.translation_germ_apply	IntervalTranslation
MorseRearrangement.intervalTranslation_refl	IntervalTranslation
MorseRearrangement.intervalTranslation_symm	IntervalTranslation
MorseRearrangement.intervalTranslation_trans	IntervalTranslation
MorseRearrangement.exists_local_interval_translation	IntervalTranslation
MorseRearrangement.exists_supported_interval_translation	IntervalTranslation
MorseRearrangement.strictMono_of_fixed_exterior	IntervalTranslation
MorseRearrangement.deriv_pos_of_strictMono_diffeomorph	IntervalTranslation
MorseRearrangement.exists_increasing_interval_translation	IntervalTranslation
MorseRearrangement.exists_increasing_interval_translation_with_exterior_germs	IntervalTranslation
MorseRearrangement.blendHeight	IntervalTranslation
MorseRearrangement.blendHeight_zero	IntervalTranslation
MorseRearrangement.blendHeight_one	IntervalTranslation
MorseRearrangement.blendHeight_fixed	IntervalTranslation
MorseRearrangement.positive_blended_slope	IntervalTranslation
MorseRearrangement.hasDerivAt_blended_height	IntervalTranslation
MorseCancellation.longitudinalBlendDisplacement	LongitudinalBlend
MorseCancellation.longitudinalBlend	LongitudinalBlend
MorseCancellation.longitudinalBlendDisplacement_smooth	LongitudinalBlend
MorseCancellation.longitudinalBlend_smooth	LongitudinalBlend
MorseCancellation.longitudinalBlend_zero	LongitudinalBlend
MorseCancellation.longitudinalBlendDisplacement_zero_outside	LongitudinalBlend
MorseCancellation.longitudinalBlend_fixed_outside	LongitudinalBlend
MorseCancellation.longitudinalBlend_derivative_positive	LongitudinalBlend
MorseCancellation.longitudinalBlend_slices	LongitudinalBlend
MorseCancellation.expNegInvGlue_hasDerivAt	SmoothTransition
MorseCancellation.smoothTransition_deriv_pos	SmoothTransition
MorseCancellation.smoothTransition_strictMonoOn	SmoothTransition
MorseCancellation.exists_unique_smoothTransition_time	SmoothTransition
MorseCancellation.LongitudinalTubeMotion	TubeMotion
MorseCancellation.nonempty_longitudinalTubeMotion	TubeMotion
MorseCancellation.LongitudinalTubeMotion.model_axis	TubeMotion
MorseCancellation.LongitudinalTubeMotion.model_germ	TubeMotion
MorseCancellation.LongitudinalTubeMotion.native_axis	TubeMotion
MorseCancellation.LongitudinalTubeMotion.native_germ	TubeMotion
MorseCancellation.LongitudinalTubeMotion.fixed_outside_target	TubeMotion
MorseCancellation.LongitudinalTubeMotion.crossing_axis	TubeMotion
MorseCancellation.LongitudinalTubeMotion.whole_sheet_crossing_iff	TubeMotion
MorseCancellation.surjective_sheet_coordinate_mfderiv	TubeMotion
MorseCancellation.native_coordinate_plane_trace_transverse	TubeMotion
MorseCancellation.LongitudinalTubeMotion.whole_sheet_transverse	TubeMotion
MorseCancellation.exists_clean_two_sheet_arc_avoiding	SheetArc
AdaptedWindows.exists_forward_basin_smooth_images	BasinImages
AdaptedWindows.exists_backward_basin_smooth_images	BasinImages
MorseCancellation.exists_smooth_ball_parametrization	BasinImages
MorseCancellation.exists_global_smooth_image_of_ball	BasinImages
FlowCancellation.native_flow_eq_on_positive_halfline	LevelTime
FlowCancellation.native_flow_eq_on_negative_halfline	LevelTime
FlowCancellation.exists_level_crossing_of_endpoint_limits	LevelTime
MorseCancellation.forwardHighBasins	BasinImages
MorseCancellation.backwardLowBasins	BasinImages
MorseCancellation.forwardHighBasins_eq_inter	BasinImages
MorseCancellation.backwardLowBasins_eq_inter	BasinImages
MorseCancellation.isClosed_endpoint_obstruction	BasinImages
MorseCancellation.levelBasin_compl_eq_endpoint_obstruction	BasinImages
AdaptedWindows.exists_forward_basin_global_images	BasinImages
AdaptedWindows.exists_backward_basin_global_images	BasinImages
MorseCancellation.EndpointBasinIndex	BasinImages
MorseCancellation.endpointBasinIndex_countable	BasinImages
AdaptedWindows.exists_endpoint_obstruction_global_images	BasinImages
MorseCancellation.isClosed_backwardLowBasins	BasinImages
MorseCancellation.LowBackwardBasinIndex	BasinImages
MorseCancellation.lowBackwardBasinIndex_countable	BasinImages
AdaptedWindows.exists_low_backward_obstruction_images	BasinImages
MorseCancellation.contMDiff_discrete_family	LevelConnectedness
MorseCancellation.range_discrete_family	LevelConnectedness
MorseCancellation.joinedIn_sublevel_of_forward_limit	LevelConnectedness
MorseCancellation.joined_sublevel_of_common_forward_limit	LevelConnectedness
MorseCancellation.joinedIn_open_forward_basin	LevelConnectedness
AdaptedWindows.joinedIn_minimum_basin	LevelConnectedness
SmoothODE.scalar_partial_invertible	LevelTime
SmoothODE.exists_smooth_scalar_time_germ	LevelTime
FlowCancellation.exists_native_smooth_time_germ	LevelTime
FlowCancellation.smooth_signed_level_time	LevelTime
FlowCancellation.exists_native_level_flow_cylinder	LevelTime
AdaptedWindows.joinedIn_regular_level_of_endpoint_dimensions	LevelConnectedness
AdaptedWindows.pathConnectedSpace_regular_level_of_endpoint_dimensions	LevelConnectedness
AdaptedWindows.pathConnectedSpace_middle_level	MiddleLevel
AdaptedWindows.pathConnectedSpace_index_three_upper_level	MiddleLevel
MorseRearrangement.native_transverse_dimension_bound	AmbientTransversality
MorseRearrangement.disjoint_ranges_of_native_transverse_dimension	AmbientTransversality
MorseRearrangement.native_transverse_of_ignored_factor	AmbientTransversality
ChartMapPerturbation.exists_ambient_transverse_plateau	AmbientTransversality
NativeTransversality.Patch	AmbientTransversality
NativeTransversality.Patch.Compatible	AmbientTransversality
NativeTransversality.exists_patch_at	AmbientTransversality
NativeTransversality.exists_patch_step	AmbientTransversality
NativeTransversality.exists_finite_patch_diffeomorph	AmbientTransversality
NativeTransversality.exists_ambient_transverse_diffeomorph	AmbientTransversality
MorseRearrangement.exists_ambient_disjoint_diffeomorph_of_dimension	AmbientTransversality
MorseCancellation.LongitudinalTubeMotion.compact_support	TubeMotion
MorseCancellation.LongitudinalTubeMotion.cutoff	TubeMotion
MorseCancellation.LongitudinalTubeMotion.cutoff_germ	TubeMotion
MorseCancellation.LongitudinalTubeMotion.cutoff_smooth	TubeMotion
MorseCancellation.LongitudinalTubeMotion.cutoff_zero	TubeMotion
MorseCancellation.LongitudinalTubeMotion.destination	TubeMotion
MorseCancellation.LongitudinalTubeMotion.destination_gt_one	TubeMotion
MorseCancellation.LongitudinalTubeMotion.family	TubeMotion
MorseCancellation.LongitudinalTubeMotion.fixedOutside	TubeMotion
MorseCancellation.LongitudinalTubeMotion.formula	TubeMotion
MorseCancellation.LongitudinalTubeMotion.mk	TubeMotion
MorseCancellation.LongitudinalTubeMotion.model_source	TubeMotion
MorseCancellation.LongitudinalTubeMotion.profile	TubeMotion
MorseCancellation.LongitudinalTubeMotion.profile_germ	TubeMotion
MorseCancellation.LongitudinalTubeMotion.profile_zero	TubeMotion
MorseCancellation.LongitudinalTubeMotion.slices	TubeMotion
MorseCancellation.LongitudinalTubeMotion.smooth	TubeMotion
MorseCancellation.LongitudinalTubeMotion.support	TubeMotion
MorseCancellation.LongitudinalTubeMotion.support_subset	TubeMotion
MorseCancellation.LongitudinalTubeMotion.time	TubeMotion
MorseCancellation.LongitudinalTubeMotion.time_mem	TubeMotion
MorseCancellation.LongitudinalTubeMotion.time_rate	TubeMotion
MorseCancellation.LongitudinalTubeMotion.time_value	TubeMotion
MorseCancellation.LongitudinalTubeMotion.unique_time	TubeMotion
MorseCancellation.LongitudinalTubeMotion.zero	TubeMotion
NativeTransversality.Patch.chart	AmbientTransversality
NativeTransversality.Patch.core	AmbientTransversality
NativeTransversality.Patch.core_compact	AmbientTransversality
NativeTransversality.Patch.cutoff	AmbientTransversality
NativeTransversality.Patch.cutoff_compact	AmbientTransversality
NativeTransversality.Patch.cutoff_smooth	AmbientTransversality
NativeTransversality.Patch.cutoff_support	AmbientTransversality
NativeTransversality.Patch.mk	AmbientTransversality
NativeTransversality.Patch.plateau	AmbientTransversality
NativeTransversality.Patch.plateau_one	AmbientTransversality
NativeTransversality.Patch.plateau_open	AmbientTransversality
NativeTransversality.Patch.plateau_source	AmbientTransversality
