Tubular	NativeEuclideanEmbedding.NormalSpace
Tubular	NativeEuclideanEmbedding.NormalModel
Tubular	NativeEuclideanEmbedding.normalSpaceEquiv
Tubular	NativeEuclideanEmbedding.finrank_normalSpace
Tubular	NativeEuclideanEmbedding.normalModelEquiv
Tubular	NativeEuclideanEmbedding.normalPrebundle
Tubular	NativeEuclideanEmbedding.normalPrebundle_isContMDiff
Tubular	NativeEuclideanEmbedding.NormalBundle
Tubular	NativeEuclideanEmbedding.normalBundleTopology
Tubular	NativeEuclideanEmbedding.normalFiberBundle
Tubular	NativeEuclideanEmbedding.normalVectorBundle
Tubular	NativeEuclideanEmbedding.normalContMDiffVectorBundle
Tubular	NativeEuclideanEmbedding.normalVector
Tubular	NativeEuclideanEmbedding.contMDiff_normalVector
Tubular	NativeEuclideanEmbedding.normalDisplacement
Tubular	NativeEuclideanEmbedding.contMDiff_normalDisplacement
Tubular	NativeEuclideanEmbedding.normalDisplacement_zero
Tubular	NativeEuclideanEmbedding.localNormalDisplacement
Tubular	NativeEuclideanEmbedding.contMDiff_localNormalDisplacement
Tubular	NativeEuclideanEmbedding.localNormalDisplacement_zero
Tubular	NativeEuclideanEmbedding.ambientNormalCoordinates_self
Tubular	NativeEuclideanEmbedding.normalLinearSplitting
Tubular	NativeEuclideanEmbedding.mvfderiv_localNormalDisplacement_zero
Tubular	NativeEuclideanEmbedding.localNormalDisplacement_derivative_isInvertible
Tubular	NativeEuclideanEmbedding.localNormalDisplacement_eq
Tubular	NativeEuclideanEmbedding.isLocalDiffeomorphAt_localNormalDisplacement
Tubular	NativeEuclideanEmbedding.normalChartPartialDiffeomorph
Tubular	NativeEuclideanEmbedding.normalChartPartialDiffeomorph_zero
Tubular	NativeEuclideanEmbedding.normalChart_source_zero
Tubular	NativeEuclideanEmbedding.localNormalDisplacement_chart_apply
Tubular	NativeEuclideanEmbedding.isLocalDiffeomorphAt_normalDisplacement_zero
Tubular	NativeEuclideanEmbedding.regularNormalLocus
Tubular	NativeEuclideanEmbedding.isOpen_regularNormalLocus
Tubular	NativeEuclideanEmbedding.normalDisplacement_injOn_zeroSection
Tubular	NativeEuclideanEmbedding.normalDisplacement_locally_injective_zero
Tubular	NativeEuclideanEmbedding.exists_injective_normalNeighborhood
Tubular	NativeEuclideanEmbedding.isOpen_normalNeighborhood_image
Tubular	NativeEuclideanEmbedding.normalBundle_nonempty
Tubular	NativeEuclideanEmbedding.normalNeighborhoodEquiv
Tubular	NativeEuclideanEmbedding.contMDiffAt_normalNeighborhood_inverse
Tubular	NativeEuclideanEmbedding.normalNeighborhoodPartialDiffeomorph
Tubular	NativeEuclideanEmbedding.exists_tubularNeighborhood
Tubular	NativeEuclideanEmbedding.SmoothRetraction
Tubular	NativeEuclideanEmbedding.SmoothRetraction.mk
Tubular	NativeEuclideanEmbedding.SmoothRetraction.domain
Tubular	NativeEuclideanEmbedding.SmoothRetraction.open_domain
Tubular	NativeEuclideanEmbedding.SmoothRetraction.contains
Tubular	NativeEuclideanEmbedding.SmoothRetraction.toFun
Tubular	NativeEuclideanEmbedding.SmoothRetraction.smooth
Tubular	NativeEuclideanEmbedding.SmoothRetraction.retract
Tubular	NativeEuclideanEmbedding.nonempty_smoothRetraction
Tubular	NativeEuclideanEmbedding.SmoothRetraction.mfderiv_retract_comp
Tubular	NativeEuclideanEmbedding.SmoothRetraction.embedding_derivative_retract
Tubular	NativeEuclideanEmbedding.contMDiff_embeddedField
Tubular	DiskFraming.exists_pos_prod_closedBall_subset
HeightCollar	RegularLevel.levelDisplacement
HeightCollar	RegularLevel.transverseCoordinateDomain
HeightCollar	RegularLevel.transverseCoordinates
HeightCollar	RegularLevel.transverseCoordinates_zero
HeightCollar	RegularLevel.zero_mem_transverseCoordinateDomain
HeightCollar	RegularLevel.contMDiff_levelDisplacement
HeightCollar	RegularLevel.isOpen_transverseCoordinateDomain
HeightCollar	RegularLevel.contMDiffOn_transverseCoordinates
HeightCollar	RegularLevel.mfderiv_transverseCoordinates_time_zero
HeightCollar	RegularLevel.mfderiv_transverseCoordinates_zero
HeightCollar	RegularLevel.isLocalDiffeomorphAt_transverseCoordinates_zero
HeightCollar	RegularLevel.hasDerivAt_height_transverseCoordinates_zero
HeightCollar	RegularLevel.exists_unitHeightField
HeightCollar	RegularLevel.exists_transverseCollar
HeightCollar	RegularLevel.exists_heightBand_subset_open
HeightCollar	RegularLevel.exists_heightCollar
HeightCollar	RegularLevel.exists_heightCollar_with_band
DiskTubular	DiskFraming.starProjection_orthogonal_inf_eq_sub
DiskTubular	NativeEuclideanEmbedding.diskTangentImage
DiskTubular	NativeEuclideanEmbedding.diskNormalSpace
DiskTubular	NativeEuclideanEmbedding.fderiv_comp_eq
DiskTubular	NativeEuclideanEmbedding.diskTangentImage_le
DiskTubular	NativeEuclideanEmbedding.injective_fderiv_comp
DiskTubular	NativeEuclideanEmbedding.finrank_diskTangent_add_normal
DiskTubular	NativeEuclideanEmbedding.diskNormalProjection
DiskTubular	NativeEuclideanEmbedding.diskNormalProjection_eq
DiskTubular	NativeEuclideanEmbedding.contDiffOn_diskNormalProjection
DiskTubular	NativeEuclideanEmbedding.exists_open_diskNormalProjection
DiskTubular	NativeEuclideanEmbedding.exists_smooth_normalFrame_near_closedBall
DiskTubular	DiskFraming.normalSplitEquiv
DiskTubular	NativeEuclideanEmbedding.diskTangentNormalEquiv
DiskTubular	DiskFraming.displacement
DiskTubular	DiskFraming.displacement_zero
DiskTubular	DiskFraming.contDiffOn_displacement
DiskTubular	DiskFraming.hasFDerivAt_displacement_zero
DiskTubular	NativeEuclideanEmbedding.SmoothRetraction.diskCoordinates
DiskTubular	NativeEuclideanEmbedding.SmoothRetraction.diskCoordinateDomain
DiskTubular	NativeEuclideanEmbedding.SmoothRetraction.diskCoordinates_zero
DiskTubular	NativeEuclideanEmbedding.SmoothRetraction.isOpen_diskCoordinateDomain
DiskTubular	NativeEuclideanEmbedding.SmoothRetraction.zero_mem_diskCoordinateDomain
DiskTubular	NativeEuclideanEmbedding.SmoothRetraction.contMDiffOn_diskCoordinates
DiskTubular	NativeEuclideanEmbedding.SmoothRetraction.mfderiv_diskCoordinates_zero
DiskTubular	NativeEuclideanEmbedding.SmoothRetraction.isInvertible_mfderiv_diskCoordinates_zero
DiskTubular	NativeEuclideanEmbedding.SmoothRetraction.isLocalDiffeomorphAt_diskCoordinates_zero
DiskTubular	NativeEuclideanEmbedding.SmoothRetraction.exists_diskTubularNeighborhood
DiskTubular	exists_tubularNeighborhood_in_open_of_embedded_closedBall
RangeTransport	DiskFraming.SmoothRangeTransportOn
RangeTransport	DiskFraming.SmoothRangeTransportOn.mk
RangeTransport	DiskFraming.SmoothRangeTransportOn.toFun
RangeTransport	DiskFraming.SmoothRangeTransportOn.neighborhood
RangeTransport	DiskFraming.SmoothRangeTransportOn.open_neighborhood
RangeTransport	DiskFraming.SmoothRangeTransportOn.contains
RangeTransport	DiskFraming.SmoothRangeTransportOn.smooth
RangeTransport	DiskFraming.SmoothRangeTransportOn.invertible
RangeTransport	DiskFraming.SmoothRangeTransportOn.intertwines
RangeTransport	DiskFraming.SmoothRangeTransportOn.refl
RangeTransport	DiskFraming.SmoothRangeTransportOn.trans
RangeTransport	DiskFraming.SmoothRangeTransportOn.symm
RangeTransport	DiskFraming.SmoothRangeTransportOn.map_range
RangeTransport	DiskFraming.SmoothRangeTransportOn.ofProjections
RangeTransport	isOpen_forall_compact
RangeTransport	homotopyTransportDomain
RangeTransport	mem_homotopyTransportDomain
RangeTransport	isOpen_continuousHomotopyTransportDomain
RangeTransport	DiskFraming.isOpen_transportOnClass
RangeTransport	DiskFraming.isOpen_compl_transportOnClass
RangeTransport	DiskFraming.nonempty_smoothRangeTransportOn_of_homotopy
RangeTransport	DiskFraming.nonempty_transportOn_starConvex
RangeTransport	DiskFraming.exists_smooth_frame_near_starConvex
RangeTransport	DiskFraming.exists_smooth_frame_on_neighborhood_closedBall
SmallPerturbation	SmallPerturbation.injective_id_add
SmallPerturbation	SmallPerturbation.surjective_id_add
SmallPerturbation	SmallPerturbation.bijective_id_add
SmallPerturbation	SmallPerturbation.isInvertible_fderiv_id_add
SmallPerturbation	SmallPerturbation.diffeomorphIdAdd
SmallPerturbation	SmallPerturbation.lipschitzWith_smul_const
SmallPerturbation	SmallPerturbation.bumpTranslation
SmallPerturbation	SmallPerturbation.bumpTranslation_apply
SmallPerturbation	SmallPerturbation.bumpTranslation_eq_of_zero
SmallPerturbation	SmallPerturbation.exists_radius_bumpTranslation
SupportedDiffeomorph	SupportedDiffeomorph.mapsTo_of_fixed_outside
SupportedDiffeomorph	SupportedDiffeomorph.inverse_fixed_outside
SupportedDiffeomorph	SupportedDiffeomorph.extendMap
SupportedDiffeomorph	SupportedDiffeomorph.extendMap_of_mem
SupportedDiffeomorph	SupportedDiffeomorph.extendMap_of_notMem
SupportedDiffeomorph	SupportedDiffeomorph.extendMap_id
SupportedDiffeomorph	SupportedDiffeomorph.extendMap_chart
SupportedDiffeomorph	SupportedDiffeomorph.extendMap_mem_target
SupportedDiffeomorph	SupportedDiffeomorph.extendMap_leftInverse
SupportedDiffeomorph	SupportedDiffeomorph.extendMap_eq_of_notMem_image
SupportedDiffeomorph	SupportedDiffeomorph.mapsTo_source
SupportedDiffeomorph	SupportedDiffeomorph.contMDiff_extendMap
SupportedDiffeomorph	SupportedDiffeomorph.extension
SupportedDiffeomorph	SupportedDiffeomorph.extension_chart
SupportedDiffeomorph	SupportedDiffeomorph.extension_eq_of_notMem_image
SupportedDiffeomorph	SupportedDiffeomorph.extension_eq_of_notMem_target
LevelTransport	RegularLevel.le_shift_iff_of_abs_sub_ge
LevelTransport	RegularLevel.exists_ambientTransport_of_heightCollar
LevelTransport	RegularLevel.exists_nearby_ambient_level_diffeomorphs_of_nonempty
LevelTransport	RegularLevel.exists_nearby_ambient_level_diffeomorphs
LevelTransport	RegularLevel.AmbientEquivalent
LevelTransport	RegularLevel.ambientEquivalent_refl
LevelTransport	RegularLevel.ambientEquivalent_symm
LevelTransport	RegularLevel.ambientEquivalent_trans
LevelTransport	RegularLevel.exists_ambient_regularBand_transport
LevelTransport	RegularLevel.exists_levelDiffeomorph_of_ambient
SphereCoordinates	SphereCoordinates.ofLinearIsometry
